Rank,Link,Page Rank
1,http://www.espn.com/nba/,1.576E-321
2,http://www.espn.com/nba-g-league/,1.546E-321
3,http://www.espn.com/nba/standings,1.393E-321
4,http://www.espn.com/nba/draft/news,8.25E-322
5,http://www.espn.com/nba/nba-free-agency/,7.95E-322
6,http://www.espn.com/nba/story/_/id/26483864/2019-nba-playoffs-matchups-schedules-news-more,7.9E-322
7,http://www.espn.com/nba/statistics,7.86E-322
8,http://www.espn.com/nba/teams,7.76E-322
9,http://www.espn.com/nba/trade-deadline/,7.6E-322
10,http://www.espn.com/nba/schedule,7.56E-322
11,http://www.espn.com/nba/scoreboard,7.56E-322
12,http://www.espn.com/nba/story/_/id/26464883/nba-power-rankings-pistons-hornets-heat-east-final-battle-here,7.46E-322
13,http://www.espn.com/nba/players,7.4E-322
14,http://www.espn.com/nba/history/awards,7.4E-322
15,http://www.espn.com/nba/world-of-woj/,7.36E-322
16,http://www.espn.com/nba/salaries,7.36E-322
17,http://www.espn.com/nba/coaches,7.36E-322
18,http://www.espn.com/nba/transactions,7.3E-322
19,http://www.espn.com/nba/lines,7.2E-322
20,http://www.espn.com/nba/story/_/page/allstarindex25827739/nba-all-star-game-2019-news-schedule-rosters-results,6.9E-322
21,http://www.espn.com/nba/team/_/name/gs/golden-state-warriors,6.8E-322
22,http://www.espn.com/nba/team/_/name/tor/toronto-raptors,6.8E-322
23,http://www.espn.com/nba/story/_/page/BPI-Playoff-Odds/espn-nba-basketball-power-index-playoff-odds,6.8E-322
24,http://www.espn.com/nba/story/_/page/Basketball-Power-Index/espn-nba-basketball-power-index,6.8E-322
25,http://www.espn.com/nba/team/_/name/por/portland-trail-blazers,6.7E-322
26,http://www.espn.com/nba/team/_/name/den/denver-nuggets,6.23E-322
27,http://www.espn.com/nba/statistics/team/_/stat/team-comparison-per-game,5.83E-322
28,http://www.espn.com/nba/team/_/name/okc/oklahoma-city-thunder,5.6E-322
29,http://www.espn.com/nba/team/_/name/bos/boston-celtics,5.53E-322
30,http://www.espn.com/nba/team/_/name/lal/los-angeles-lakers,5.1E-322
31,http://www.espn.com/nba/team/_/name/mil/milwaukee-bucks,4.84E-322
32,http://www.espn.com/nba/story/_/page/zachlowe26687405/twenty-three-reasons-enjoy-wild-blazers-nuggets-series,3.9E-322
33,http://www.espn.com/nba/team/_/name/phi/philadelphia-76ers,3.8E-322
34,http://www.espn.com/nba/story/_/id/26704980/kd-set-mri-leaving-win-calf-strain,3.75E-322
35,http://www.espn.com/nba/story/_/id/26697967/paul-millsap-nikola-jokic-overwhelm-trail-blazers-game-5,3.7E-322
36,http://www.espn.com/nba/story/_/id/26697821/lillard-no-choice-play-our-best,3.66E-322
37,http://www.espn.com/nba/story/_/id/26657933/why-warriors-sweating-klay-thompson-free-agency,3.66E-322
38,http://www.espn.com/nba/story/_/id/26696015/the-rest-raptors-joined-kawhi-dismantling-76ers,3.56E-322
39,http://www.espn.com/nba/team/_/name/utah/utah-jazz,3.5E-322
40,http://www.espn.com/nba/team/_/name/lac/la-clippers,3.5E-322
41,http://www.espn.com/nba/team/_/name/hou/houston-rockets,3.3E-322
42,http://www.espn.com/nba/team/_/name/phx/phoenix-suns,3.3E-322
43,http://www.espn.com/nba/story/_/id/26693711/george-camp-start-surgery,3.26E-322
44,http://www.espn.com/nba/team/_/name/sa/san-antonio-spurs,3.16E-322
45,http://www.espn.com/nba/team/_/name/ny/new-york-knicks,3.1E-322
46,http://www.espn.com/nba/team/_/name/sac/sacramento-kings,3.1E-322
47,http://www.espn.com/nba/team/_/name/no/new-orleans-pelicans,3.06E-322
48,http://www.espn.com/nba/tradeMachine,2.96E-322
49,http://www.espn.com/nba/team/_/name/min/minnesota-timberwolves,2.9E-322
50,http://www.espn.com/nba/story/_/id/26704731/stevens-says-did-bad-job-c-fall-short,2.9E-322
51,http://www.espn.com/nba/story/_/id/26702963/lakers-lue-end-talks-deal-sources-say,2.8E-322
52,http://www.espn.com/nba/story/_/id/26704989/bucks-set-tone-early-game-5-win-vs-celtics,2.77E-322
53,http://www.espn.com/nba/team/_/name/bkn/brooklyn-nets,2.77E-322
54,http://www.espn.com/nba/story/_/id/26701204/brogdon-makes-return-bucks-limited-role,2.7E-322
55,http://www.espn.com/nba/team/_/name/orl/orlando-magic,2.67E-322
56,http://www.espn.com/nba/team/_/name/det/detroit-pistons,2.6E-322
57,http://www.espn.com/nba/team/_/name/cle/cleveland-cavaliers,2.47E-322
58,http://www.espn.com/nba/team/_/name/dal/dallas-mavericks,2.4E-322
59,http://www.espn.com/nba/team/_/name/chi/chicago-bulls,2.37E-322
60,http://www.espn.com/nba/team/_/name/mem/memphis-grizzlies,2.37E-322
61,http://www.espn.com/nba/team/_/name/ind/indiana-pacers,2.37E-322
62,http://www.espn.com/nba/team/_/name/mia/miami-heat,2.27E-322
63,http://www.espn.com/nba/player/_/id/3202/kevin-durant,2.2E-322
64,http://www.espn.com/nba/player/_/id/6606/damian-lillard,2.08E-322
65,http://www.espn.com/nba/player/_/id/3112335/nikola-jokic,2.03E-322
66,http://www.espn.com/nba/story/_/id/26680314/butler-advice-simmons-attack-every-single,2.03E-322
67,http://www.espn.com/nba/team/_/name/cha/charlotte-hornets,2.03E-322
68,http://www.espn.com/nba/team/_/name/atl/atlanta-hawks,2.0E-322
69,http://www.espn.com/nba/story/_/id/26695886/harry-froling-now-confident-nba-capabilities,1.93E-322
70,http://www.espn.com/nba/player/_/id/3032977/giannis-antetokounmpo,1.83E-322
71,http://www.espn.com/nba/recap?gameId=401129357,1.83E-322
72,http://www.espn.com/nba/player/_/id/3992/james-harden,1.83E-322
73,http://www.espn.com/nba/team/_/name/wsh/washington-wizards,1.8E-322
74,http://www.espn.com/nba/player/_/id/6450/kawhi-leonard,1.73E-322
75,http://www.espn.com/nba/insider/story/_/id/26695230/what-happens-kyrie-ad-decide-boston-future-now,1.7E-322
76,http://www.espn.com/nba/player/_/id/3975/stephen-curry,1.5E-322
77,http://www.espn.com/nba/story/_/id/26702069/kyrie-irving-failed-leadership-tells-story-celtics-failed-season,1.4E-322
78,http://www.espn.com/nba/player/_/id/6589/draymond-green,1.33E-322
79,http://www.espn.com/nba/player/_/id/6442/kyrie-irving,1.33E-322
80,http://www.espn.com/nba/player/_/id/3059318/joel-embiid,1.33E-322
81,http://www.espn.com/nba/player/_/id/3468/russell-westbrook,1.24E-322
82,http://www.espn.com/nba/player/_/id/4251/paul-george,1.24E-322
83,http://www.espn.com/nba/game?gameId=401129364,1.24E-322
84,http://www.espn.com/nba/game?gameId=401129365,1.14E-322
85,http://www.espn.com/nba/player/_/id/3012/kyle-lowry,1.14E-322
86,http://www.espn.com/nba/game?gameId=401129360,1.1E-322
87,http://www.espn.com/nba/game?gameId=401129361,1.1E-322
88,http://www.espn.com/nba/game?gameId=401129357,1.04E-322
89,http://www.espn.com/nba/player/_/id/3907387/ben-simmons,1.04E-322
90,http://www.espn.com/nba/player/_/id/2490149/cj-mccollum,1.04E-322
91,http://www.espn.com/nba/insider/story/_/id/26485957/nba-mock-draft-projecting-all-60-picks-big-lottery,1.04E-322
92,http://www.espn.com/nba/player/_/id/3032976/rudy-gobert,1.0E-322
93,http://www.espn.com/nba/insider/story/_/id/26669678/scouting-nba-draft-lottery-prospects-strengths-comps-intel,9.4E-323
94,http://www.espn.com/nba-g-league/scoreboard,9.4E-323
95,http://www.espn.com/nba/player/_/id/1966/lebron-james,9.4E-323
96,http://www.espn.com/nba/game?gameId=401129358,9.4E-323
97,http://www.espn.com/nba-g-league/schedule,9.4E-323
98,http://www.espn.com/nba/player/_/id/6475/klay-thompson,9.4E-323
99,http://www.espn.com/nba/insider/story/_/id/26679769/who-unlock-zion-superstar-potential-rank-every-lottery-team,8.9E-323
100,http://www.espn.com/nba/insider/story/_/id/25589306/nba-g-league-showcase-trade-draft-transaction-buzz,8.4E-323
